<?xml version="1.0" encoding="UTF-8"?>
<!--
   Licensed to the Apache Software Foundation (ASF) under one or more
   contributor license agreements.  See the NOTICE file distributed with
   this work for additional information regarding copyright ownership.
   The ASF licenses this file to You under the Apache License, Version 2.0
   (the "License"); you may not use this file except in compliance with
   the License.  You may obtain a copy of the License at

        http://www.apache.org/licenses/LICENSE-2.0

   Unless required by applicable law or agreed to in writing, software
   distributed under the License is distributed on an "AS IS" BASIS,
   WITHOUT WARRANTIES OR CONDITIONS OF ANY KIND, either express or implied.
   See the License for the specific language governing permissions and
   limitations under the License.
-->
<!DOCTYPE properties SYSTEM "http://java.sun.com/dtd/properties.dtd">
<properties>
	<!-- have to confirm whether this is really ok -->
	<entry key="Required">ข้อมูลใน ${label} เป็นที่ต้องการ.</entry>
	<entry key="IConverter">ไม่ใช่ '${label}' ที่ใช้งานได้จริง ${type}.</entry>
	<entry key="RangeValidator.range">${label} ต้องอยู่ระหว่าง ${minimum} และ ${maximum}.</entry>
	<entry key="RangeValidator.minimum">'${label}' ต้องมากกว่า ${minimum}.</entry>
	<entry key="RangeValidator.maximum">'${label}' ต้องน้อยกว่า ${maximum}.</entry>
	<entry key="StringValidator.range">'${label}' ต้องอยู่ระหว่าง ${minimum} และ ${maximum} chars.</entry>
	<entry key="StringValidator.minimum">'${label}' ต้องมีอย่างน้อย ${minimum} ตัวอักษร.</entry>
	<entry key="StringValidator.maximum">'${label}' ต้องมีไม่เกิน ${maximum} ตัวอักษร.</entry>
	<entry key="StringValidator.exact">'${label}' ต้องมี ${exact} ความยาวตัวอักษร.</entry>
	<entry key="DateValidator.range">'${label}' must be between ${minimum} and ${maximum}.</entry>
	<entry key="DateValidator.minimum">'${label}' must be greater than ${minimum}.</entry>
	<entry key="DateValidator.maximum">'${label}' must be smaller than ${maximum}.</entry>
	<entry key="PatternValidator">'${label}' ไม่ตรงกับรูปแบบ '${pattern}'</entry>
	<entry key="EmailAddressValidator">'${label}' ไม่ใช่อีเมลที่ใช้งานได้จริง.</entry>
	<entry key="EqualInputValidator">'${input0}' จาก ${label0} และ '${input1}' จาก ${label1} ต้องเท่ากัน.</entry>
	<entry key="EqualPasswordInputValidator">${label0} และ ${label1} ต้องเท่ากัน.</entry>
	<entry key="null">เลือกหนึ่งอย่าง</entry>
	<entry key="nullValid"></entry>
</properties>
