<?xml version="1.0" encoding="UTF-8"?>
<!--
   Licensed to the Apache Software Foundation (ASF) under one or more
   contributor license agreements.  See the NOTICE file distributed with
   this work for additional information regarding copyright ownership.
   The ASF licenses this file to You under the Apache License, Version 2.0
   (the "License"); you may not use this file except in compliance with
   the License.  You may obtain a copy of the License at

        http://www.apache.org/licenses/LICENSE-2.0

   Unless required by applicable law or agreed to in writing, software
   distributed under the License is distributed on an "AS IS" BASIS,
   WITHOUT WARRANTIES OR CONDITIONS OF ANY KIND, either express or implied.
   See the License for the specific language governing permissions and
   limitations under the License.
-->
<!DOCTYPE properties SYSTEM "http://java.sun.com/dtd/properties.dtd">
<properties>
	<entry key="Required">Полето '${label}' е задължително.</entry>
	<entry key="IConverter">Стойността в поле '${label}' е с невалиден тип (${type}).</entry>
	<entry key="RangeValidator.range">Стойността на поле ${label} трябва да бъде между ${minimum} и ${maximum}.</entry>
	<entry key="RangeValidator.exact">Стойността на поле ${label} трябва да бъде точно ${minimum}.</entry>
	<entry key="RangeValidator.minimum">Стойността на поле '${label}' трябва да бъде най-малко ${minimum}.</entry>
	<entry key="RangeValidator.maximum">Стойността на поле '${label}' трябва да бъде най-много ${maximum}.</entry>

	<entry key="StringValidator.range">Стойността на поле '${label}' трябва да бъде между ${minimum} и ${maximum} символа.</entry>
	<entry key="StringValidator.minimum">Стойността на поле '${label}' трябва да бъде поне ${minimum} символа.</entry>
	<entry key="StringValidator.maximum">Стойността на поле '${label}' трябва да бъде най-много ${maximum} символа.</entry>
	<entry key="StringValidator.exact">Стойността на поле '${label}' трябва да бъде точно ${exact} символа.</entry>

	<entry key="DateValidator.range">Стойността на поле '${label}' трябва да бъде между ${minimum} и ${maximum}.</entry>
	<entry key="DateValidator.minimum">Стойността на поле '${label}' не трябва да бъде преди ${minimum}.</entry>
	<entry key="DateValidator.maximum">Стойността на поле '${label}' не трябва да бъде след ${maximum}.</entry>

	<entry key="NumberValidator.positive">Стойността на поле '${label}' трябва да е положително число.</entry>
	<entry key="NumberValidator.negative">Стойността на поле '${label}' трябва да е отрицателно число.</entry>
	<entry key="NumberValidator.range">Стойността на поле '${label}' трябва да бъде между ${minimum} и ${maximum}.</entry>
	<entry key="NumberValidator.minimum">Стойността на поле '${label}' трябва да бъде най-малко ${minimum}.</entry>
	<entry key="NumberValidator.maximum">Стойността на поле '${label}' трябва да бъде най-много ${maximum}.</entry>

	<entry key="PatternValidator">Стойността на поле '${label}' не отговаря на шаблона '${pattern}'.</entry>
	<entry key="EmailAddressValidator">Стойността на поле '${label}' не е валиден адрес на електронна поща.</entry>
	<entry key="CreditCardValidator">Номерът на кредитната карта не е валиден.</entry>
	<entry key="UrlValidator">Стойността на поле '${label}' не е валиден уеб адрес.</entry>

	<entry key="EqualInputValidator">'${input0}' от ${label0} и '${input1}' от ${label1} трябва да бъдат еднакви.</entry>
	<entry key="EqualPasswordInputValidator">Стойностите на полета ${label0} и ${label1} трябва да бъдат еднакви.</entry>

	<entry key="null">Изберете едно</entry>
	<entry key="nullValid"></entry>

	<entry key="PagingNavigator.first">Към първата страница</entry>
	<entry key="PagingNavigator.previous">Към предишната страница</entry>
	<entry key="PagingNavigator.next">Към следващата страница</entry>
	<entry key="PagingNavigator.last">Към последната страница</entry>
	<entry key="PagingNavigation.page">Към страница ${page}</entry>

    <entry key="org.apache.wicket.mfu.caption.unlimited">Файлове:</entry>
    <entry key="org.apache.wicket.mfu.caption.limited">Файлове (максимум ${max}):</entry>
    <entry key="org.apache.wicket.mfu.delete">Изтрий</entry>

</properties>
