<?xml version="1.0" encoding="UTF-8"?>
<archetype-descriptor name="quickstart">
	<requiredProperties>
		<requiredProperty key="log4j.properties">
			<defaultValue>log4j2.xml</defaultValue>
		</requiredProperty>
	</requiredProperties>
	<fileSets>
		<fileSet filtered="true" packaged="true" encoding="UTF-8">
			<directory>src/main/java</directory>
			<includes>
				<include>**/*.java</include>
				<include>**/*.html</include>
			</includes>
		</fileSet>
		<fileSet filtered="true" packaged="true" encoding="UTF-8">
			<directory>src/test/java</directory>
			<includes>
				<include>**/*.java</include>
			</includes>
		</fileSet>
		<fileSet filtered="false" packaged="false" encoding="UTF-8">
			<directory>src/test/resources</directory>
			<includes>
				<include>**/*</include>
			</includes>
		</fileSet>
		<fileSet filtered="false" packaged="false" encoding="UTF-8">
			<directory>src/main/resources</directory>
			<includes>
				<include>__log4j.properties__</include>
			</includes>
		</fileSet>
		<fileSet filtered="true" packaged="false" encoding="UTF-8">
			<directory>src/main/webapp</directory>
			<includes>
				<include>**/*.xml</include>
			</includes>
		</fileSet>
		<fileSet filtered="false" packaged="false" encoding="UTF-8">
			<directory>src/main/webapp</directory>
			<includes>
				<include>**/*.css</include>
				<include>**/*.png</include>
			</includes>
		</fileSet>
		<fileSet filtered="false" packaged="false" encoding="UTF-8">
			<directory>src/test/jetty</directory>
			<includes>
				<include>**/*.xml</include>
			</includes>
		</fileSet>
	</fileSets>
</archetype-descriptor>
